id,price
1,53743
2,53164
3,23484
4,2228
5,5102
6,6578
7,8043
8,13758
9,4338
10,6601
11,3916
12,5060
13,4491
14,51817
15,39499
16,48851
17,54608
18,6450
19,60508
20,4086
21,5060
22,60978
23,45257
24,5892
25,5102
26,4589
27,6032
28,5892
29,4390
30,6568
31,4262
32,62591
33,60260
34,53152
35,6489
36,5817
37,6122
38,54841
39,5042
40,2022
41,9349
42,62045
43,5206
44,4453
45,5102
46,2723
47,5888
48,12138
49,69244
50,5772
51,5441
52,3397
53,6568
54,6578
55,6578
56,2074
57,3361
58,56702
59,3153
60,60978
61,5042
62,53743
63,6489
64,9879
65,55983
66,44144
67,45257
68,2336
69,49725
70,45257
71,5955
72,5322
73,9840
74,7487
75,11448
76,6502
77,7958
78,3000
79,62045
80,6578
81,4556
82,5949
83,6195
84,4755
85,34472
86,57920
87,4348
88,6169
89,60396
90,4496
91,4294
92,61873
93,58125
94,64801
95,54777
96,2723
97,5772
98,10608
99,6578
100,62045
101,7584
102,4499
103,5954
104,2336
105,4262
106,4453
107,54608
108,55983
109,53152
110,2410
111,51372
112,51457
113,7774
114,1105
115,1830
116,7982
117,5227
118,4007
119,6032
120,4755
121,56702
122,5293
123,2476
124,45693
125,5276
126,6200
127,5441
128,7958
129,65529
130,3090
131,4387
132,60978
133,5441
134,3000
135,3860
136,42457
137,4827
138,7426
139,3999
140,4755
141,3393
142,51595
143,5954
144,1714
145,54608
146,2960
147,6314
148,12150
149,4020
150,4229
151,7877
152,62045
153,3625
154,6195
155,54896
156,6324
157,5227
158,4368
159,12138
160,4556
161,55983
162,6568
163,65529
164,6324
165,58315
166,32859
167,60508
168,4453
169,9277
170,52175
171,4453
172,6488
173,48851
174,54896
175,3855
176,62045
177,3754
178,3862
179,4387
180,62045
181,27864
182,7488
183,12138
184,4724
185,24056
186,3000
187,7774
188,53164
189,9879
190,4173
191,41101
192,3090
193,56588
194,2836
195,1890
196,5817
197,2637
198,9349
199,9840
200,57992
201,69244
202,13524
203,4099
204,4502
205,58125
206,60978
207,4020
208,45257
209,45257
210,9433
211,57992
212,41281
213,3999
214,4672
215,7053
216,49725
217,4556
218,27976
219,2022
220,3393
221,4000
222,4294
223,22152
224,51875
225,53743
226,11508
227,5441
228,4071
229,3916
230,58315
231,4230
232,4000
233,13758
234,6489
235,5060
236,2339
237,2723
238,3862
239,2399
240,6489
241,54896
242,51345
243,3819
244,59254
245,7584
246,49613
247,58125
248,4209
249,4827
250,60978
251,7424
252,5322
253,58315
254,5441
255,6324
256,65529
257,4500
258,1788
259,5178
260,55983
261,3393
262,13524
263,54684
264,3819
265,8112
266,1544
267,39499
268,49725
269,50271
270,5042
271,6568
272,8043
273,54841
274,31982
275,2050
276,7950
277,24234
278,4149
279,32923
280,5934
281,56588
282,4969
283,5772
284,6009
285,49725
286,6437
287,56702
288,6489
289,61873
290,1776
291,1551
292,6461
293,8867
294,5177
295,5178
296,4230
297,41314
298,14524
299,6489
300,4173
301,60978
302,2700
303,2477
304,5227
305,52063
306,5060
307,52063
308,6122
309,49613
310,16835
311,3916
312,48851
313,4453
314,2410
315,4020
316,32859
317,1890
318,4637
319,11205
320,3961
321,4496
322,60978
323,5042
324,4439
325,5960
326,7950
327,5760
328,4387
329,4755
330,4111
331,12138
332,6195
333,52287
334,6314
335,8016
336,11129
337,4496
338,22140
339,13168
340,60396
341,58125
342,51457
343,1443
344,5888
345,5632
346,51707
347,3090
348,3393
349,5949
350,4672
351,2410
352,5949
353,5276
354,5465
355,4230
356,52175
357,41101
358,4827
359,4499
360,51697
361,58125
362,2410
363,51875
364,2476
365,66928
366,27792
367,4099
368,3862
369,5843
370,3980
371,3357
372,4028
373,5949
374,5949
375,5960
376,49613
377,7412
378,60978
379,5060
380,2124
381,61933
382,9277
383,3862
384,4348
385,5632
386,61933
387,60978
388,7488
389,50271
390,58125
391,60365
392,61873
393,3862
394,55377
395,66063
396,69244
397,45257
398,4229
399,4453
400,3754
401,5606
402,5892
403,4020
404,54777
405,41101
406,4202
407,13054
408,64831
409,5955
410,4099
411,2050
412,53743
413,4086
414,4755
415,4452
416,2410
417,27976
418,4969
419,56588
420,11129
421,4499
422,5954
423,4000
424,54896
425,6461
426,3149
427,3393
428,5102
429,2150
430,4969
431,54777
432,9277
433,5843
434,56702
435,2201
436,5293
437,12138
438,11129
439,9141
440,51457
441,7877
442,51817
443,7352
444,4079
445,4294
446,49725
447,51707
448,5441
449,1543
450,51345
451,49613
452,45693
453,4294
454,6109
455,5227
456,2050
457,49553
458,39321
459,11129
460,6568
461,4028
462,5949
463,4500
464,4453
465,1443
466,2150
467,5955
468,5042
469,4230
470,6488
471,11205
472,7774
473,5276
474,2410
475,4453
476,10018
477,5441
478,10744
479,7053
480,23898
481,4724
482,5178
483,2723
484,3090
485,11129
486,6200
487,62591
488,4755
489,52063
490,5177
491,50271
492,6109
493,55983
494,58315
495,3324
496,53164
497,4387
498,4496
499,69168
500,44280
501,4500
502,4111
503,64173
504,44144
505,60396
506,7959
507,2056
508,32859
509,2410
510,54896
511,5954
512,6080
513,34460
514,5293
515,64801
516,69244
517,3153
518,45693
519,3855
520,5293
521,54896
522,54608
523,4048
524,4672
525,5060
526,6067
527,6067
528,2836
529,5949
530,4368
531,49613
532,3999
533,60978
534,5227
535,9201
536,51875
537,56476
538,4209
539,4896
540,3381
541,3977
542,2700
543,4496
544,54684
545,69244
546,51875
547,3862
548,3357
549,52175
550,4230
551,57081
552,6427
553,4368
554,3855
555,4439
556,5060
557,66063
558,53743
559,6502
560,42521
561,53743
562,2480
563,6444
564,3980
565,6169
566,49553
567,3393
568,2228
569,4149
570,7053
571,5042
572,10425
573,6489
574,4439
575,39499
576,3855
577,53152
578,3324
579,49725
580,66063
581,41113
582,1755
583,2339
584,2201
585,6568
586,54777
587,7053
588,69244
589,4501
590,3457
591,7487
592,69244
593,66063
594,5276
595,7352
596,61873
597,5276
598,2022
599,6195
600,41101
601,5441
602,7487
603,3016
604,4672
605,53164
606,3999
607,61873
608,34460
609,6489
610,6502
611,58125
612,3916
613,66928
614,2350
615,6067
616,6450
617,4020
618,13524
619,54777
620,48851
621,55983
622,5102
623,6067
624,9201
625,3862
626,4896
627,45185
628,56476
629,4979
630,54777
631,4262
632,61873
633,5227
634,3990
635,7877
636,3015
637,4417
638,60396
639,2228
640,52175
641,39499
642,6109
643,7488
644,7982
645,4000
646,54777
647,69244
648,2723
649,11069
650,4498
651,41113
652,2476
653,61873
654,58125
655,6395
656,6461
657,2074
658,5441
659,65529
660,5881
661,5467
662,11508
663,1755
664,5954
665,11508
666,4111
667,12138
668,4230
669,1890
670,3916
671,59254
672,10680
673,6308
674,27976
675,57920
676,56588
677,32859
678,5178
679,6578
680,6578
681,5293
682,4229
683,7425
684,6489
685,5960
686,8867
687,12150
688,1543
689,4499
690,4071
691,3149
692,43376
693,3275
694,7958
695,6568
696,6502
697,6450
698,2339
699,5960
700,4357
701,62045
702,2399
703,6489
704,5177
705,53164
706,4056
707,51595
708,4007
709,3090
710,50271
711,11675
712,56588
713,34472
714,4348
715,57992
716,3862
717,5960
718,4496
719,23838
720,11675
721,58315
722,52175
723,54608
724,10456
725,56476
726,55983
727,5060
728,3153
729,9201
730,69244
731,27864
732,4637
733,6568
734,3393
735,49553
736,5060
737,4007
738,9735
739,60978
740,54777
741,58315
742,51345
743,4165
744,65529
745,11069
746,3466
747,52175
748,7982
749,55983
750,57920
751,4637
752,5361
753,6122
754,3980
755,6287
756,56588
757,45883
758,5292
759,51457
760,3457
761,12150
762,9735
763,6195
764,13054
765,54896
766,4357
767,66928
768,6450
769,4827
770,4672
771,3457
772,52175
773,61873
774,4755
775,8043
776,53743
777,56588
778,2723
779,4020
780,2621
781,4417
782,60260
783,5954
784,23484
785,5954
786,5293
787,12150
788,4439
789,65529
790,17536
791,42521
792,53152
793,2723
794,31982
795,23944
796,62591
797,7877
798,6195
799,5955
800,1714
801,12054
802,4357
803,4390
804,53152
805,6308
806,24234
807,66928
808,5539
809,45883
810,5330
811,51345
812,5960
813,4896
814,44144
815,6169
816,8719
817,6067
818,4173
819,4099
820,53152
821,51707
822,4099
823,24122
824,51707
825,50271
826,4439
827,52175
828,1694
829,56590
830,4612
831,10018
832,4209
833,56702
834,61933
835,4111
836,4071
837,41101
838,11508
839,5227
840,11129
841,60365
842,54841
843,1998
844,23944
845,6319
846,66928
847,43376
848,6067
849,3090
850,6461
851,4020
852,7496
853,6502
854,44144
855,6601
856,4099
857,54684
858,4348
859,5322
860,8111
861,7584
862,5361
863,51697
864,3979
865,2336
866,11205
867,56702
868,2124
869,3862
870,62045
871,4079
872,17598
873,45257
874,6583
875,57920
876,4363
877,3379
878,44280
879,4071
880,54896
881,4099
882,1714
883,14124
884,5955
885,6568
886,9141
887,3988
888,41113
889,39499
890,2100
891,5042
892,2201
893,3000
894,66928
895,6200
896,58315
897,2410
898,44280
899,5441
900,5177
901,57992
902,53164
903,9277
904,4556
905,6427
906,4979
907,60978
908,60978
909,3916
910,6314
911,4368
912,4453
913,62591
914,3999
915,5892
916,54777
917,7053
918,34472
919,3393
920,13122
921,66063
922,4262
923,55377
924,4672
925,54608
926,4348
927,57992
928,3149
929,27976
930,12054
931,9201
932,2410
933,54777
934,4453
935,4556
936,4079
937,3980
938,45693
939,6195
940,5018
941,2476
942,69244
943,7053
944,3916
945,2339
946,3988
947,57992
948,1890
949,62045
950,58125
951,39321
952,57081
953,2074
954,12150
955,4496
956,52175
957,6578
958,5330
959,2278
960,62591
961,60978
962,5102
963,11508
964,7982
965,5102
966,6502
967,64173
968,6489
969,4230
970,3393
971,6324
972,64173
973,4028
974,42457
975,59254
976,54841
977,4357
978,54777
979,4724
980,5177
981,10018
982,60396
983,5289
984,5818
985,5276
986,6568
987,12150
988,3862
989,3015
990,6324
991,60978
992,56702
993,6009
994,54608
995,6169
996,1755
997,5293
998,2350
999,5772
1000,4111
1001,3646
1002,10018
1003,60508
1004,5060
1005,9141
1006,12150
1007,3393
1008,6444
1009,6308
1010,2477
1011,41101
1012,53743
1013,4363
1014,54777
1015,52175
1016,43376
1017,42457
1018,6195
1019,7395
1020,3096
1021,5292
1022,4230
1023,3275
1024,58125
1025,7424
1026,60365
1027,4020
1028,54777
1029,6450
1030,54684
1031,6568
1032,3090
1033,42521
1034,4498
1035,5441
1036,24056
1037,3381
1038,41314
1039,3754
1040,3000
1041,62591
1042,32923
1043,10069
1044,6296
1045,4363
1046,62591
1047,53152
1048,4499
1049,6450
1050,2098
1051,3389
1052,5818
1053,6578
1054,41314
1055,3153
1056,6450
1057,2203
1058,5937
1059,6583
1060,2278
1061,62591
1062,52175
1063,4099
1064,4499
1065,5949
1066,4979
1067,6578
1068,20000
1069,45693
1070,1714
1071,4387
1072,53164
1073,57920
1074,16212
1075,5960
1076,3381
1077,4209
1078,7424
1079,12138
1080,6489
1081,53164
1082,3855
1083,4612
1084,6583
1085,3860
1086,3916
1087,5042
1088,5102
1089,11069
1090,4368
1091,6444
1092,12150
1093,4453
1094,6287
1095,4056
1096,39321
1097,61873
1098,4357
1099,4491
1100,53152
1101,4390
1102,13122
1103,4079
1104,69244
1105,2343
1106,4149
1107,5206
1108,3999
1109,57992
1110,2339
1111,12150
1112,54684
1113,5322
1114,60508
1115,12768
1116,4020
1117,60508
1118,44144
1119,5934
1120,3381
1121,4111
1122,1830
1123,7412
1124,4496
1125,51875
1126,6568
1127,4417
1128,69244
1129,4337
1130,4028
1131,6109
1132,5441
1133,51707
1134,5892
1135,5292
1136,4827
1137,3324
1138,27864
1139,5467
1140,3980
1141,1714
1142,5760
1143,2336
1144,6568
1145,44144
1146,65529
1147,5102
1148,41101
1149,5960
1150,2901
1151,2050
1152,11448
1153,4173
1154,5942
1155,12118
1156,5960
1157,4367
1158,45257
1159,4202
1160,2339
1161,5934
1162,5330
1163,5888
1164,41281
1165,3381
1166,45883
1167,6032
1168,5954
1169,5960
1170,2339
1171,5441
1172,54608
1173,2339
1174,6009
1175,2723
1176,6488
1177,2124
1178,4173
1179,6308
1180,4499
1181,5178
1182,5102
1183,56476
1184,54896
1185,18667
1186,2278
1187,51697
1188,2723
1189,6444
1190,4363
1191,62045
1192,48851
1193,18305
1194,4099
1195,1998
1196,10680
1197,51457
1198,13524
1199,4637
1200,2339
1201,11508
1202,22152
1203,5772
1204,39499
1205,5949
1206,6461
1207,4499
1208,5942
1209,5102
1210,5276
1211,66063
1212,55377
1213,4079
1214,4294
1215,4111
1216,18667
1217,3393
1218,2723
1219,69244
1220,50271
1221,51817
1222,3862
1223,3512
1224,39499
1225,51817
1226,4099
1227,6502
1228,4501
1229,11488
1230,53743
1231,4501
1232,6314
1233,3855
1234,5772
1235,60365
1236,4453
1237,60508
1238,4020
1239,6583
1240,11205
1241,51707
1242,5606
1243,57992
1244,4969
1245,5760
1246,2464
1247,4755
1248,4496
1249,8016
1250,6450
1251,4496
1252,56702
1253,60978
1254,2339
1255,3153
1256,54608
1257,4556
1258,4417
1259,4979
1260,6195
1261,5060
1262,8842
1263,7053
1264,51697
1265,3961
1266,34472
1267,4294
1268,3090
1269,5954
1270,64173
1271,6583
1272,6314
1273,18305
1274,10744
1275,5954
1276,4496
1277,66063
1278,7584
1279,6195
1280,65529
1281,23944
1282,61873
1283,1776
1284,5102
1285,3754
1286,54841
1287,5760
1288,62591
1289,5042
1290,5042
1291,5102
1292,49613
1293,6067
1294,12150
1295,6132
1296,42521
1297,3361
1298,5960
1299,11508
1300,5937
1301,9201
1302,41113
1303,2336
1304,1755
1305,5441
1306,4501
1307,5178
1308,6734
1309,51697
1310,44144
1311,6578
1312,6461
1313,45883
1314,56588
1315,10018
1316,8112
1317,4556
1318,5177
1319,1694
1320,13122
1321,6009
1322,7877
1323,2124
1324,6395
1325,51875
1326,3090
1327,5949
1328,64801
1329,4020
1330,3466
1331,3916
1332,6169
1333,1890
1334,5632
1335,9879
1336,5441
1337,32859
1338,3393
1339,5942
1340,7412
1341,6489
1342,2339
1343,2410
1344,8456
1345,2098
1346,66928
1347,4417
1348,51707
1349,6169
1350,6324
1351,6169
1352,9879
1353,11129
1354,4020
1355,7982
1356,51595
1357,27864
1358,12138
1359,6461
1360,6195
1361,4173
1362,54841
1363,8112
1364,3149
1365,44280
1366,58315
1367,7496
1368,6461
1369,51817
1370,44144
1371,4071
1372,20760
1373,6578
1374,57992
1375,6314
1376,11129
1377,4387
1378,4056
1379,4417
1380,54684
1381,4687
1382,66928
1383,51595
1384,41281
1385,5289
1386,4071
1387,2203
1388,6287
1389,57992
1390,4637
1391,41314
1392,2105
1393,48851
1394,51697
1395,5956
1396,4496
1397,6450
1398,54608
1399,34472
1400,61933
1401,13524
1402,52175
1403,6195
1404,2410
1405,32923
1406,9433
1407,66928
1408,5960
1409,3977
1410,45693
1411,6296
1412,3862
1413,62045
1414,6169
1415,58315
1416,5892
1417,5949
1418,2150
1419,5954
1420,5178
1421,49613
1422,4294
1423,56702
1424,5949
1425,49725
1426,4500
1427,8867
1428,44144
1429,1830
1430,4338
1431,53209
1432,41314
1433,3014
1434,1755
1435,3014
1436,69244
1437,6450
1438,28510
1439,60396
1440,53164
1441,3090
1442,55983
1443,51707
1444,11675
1445,51817
1446,51697
1447,4149
1448,42457
1449,2960
1450,61873
1451,3015
1452,41101
1453,4357
1454,5102
1455,4500
1456,54608
1457,60260
1458,6287
1459,3361
1460,3389
1461,12054
1462,5289
1463,51707
1464,3000
1465,3389
1466,1755
1467,42457
1468,60396
1469,51875
1470,1694
1471,13758
1472,10680
1473,4111
1474,54777
1475,2480
1476,9201
1477,53209
1478,6308
1479,3999
1480,5227
1481,42521
1482,53164
1483,4020
1484,6314
1485,6578
1486,10744
1487,5760
1488,41101
1489,5760
1490,5102
1491,5843
1492,45693
1493,58315
1494,9201
1495,58125
1496,58315
1497,1998
1498,7487
1499,4173
1500,6133
1501,18879
1502,5954
1503,4390
1504,6169
1505,4099
1506,51817
1507,3393
1508,52175
1509,53164
1510,60978
1511,6568
1512,60260
1513,54777
1514,6502
1515,54608
1516,56702
1517,4417
1518,3149
1519,62045
1520,5102
1521,4348
1522,2836
1523,5817
1524,55983
1525,9201
1526,11069
1527,9277
1528,56702
1529,5772
1530,4417
1531,45693
1532,5276
1533,39321
1534,7412
1535,5178
1536,41314
1537,13122
1538,11129
1539,3361
1540,6444
1541,4672
1542,57992
1543,6324
1544,42457
1545,27864
1546,54684
1547,24234
1548,11205
1549,5292
1550,56588
1551,5632
1552,6461
1553,52175
1554,7487
1555,4612
1556,4827
1557,4452
1558,32859
1559,4393
1560,64801
1561,6568
1562,4020
1563,52175
1564,69244
1565,6461
1566,6568
1567,5949
1568,7496
1569,53152
1570,3090
1571,7774
1572,6319
1573,3393
1574,15543
1575,51697
1576,5955
1577,3275
1578,55377
1579,5293
1580,6444
1581,51595
1582,2410
1583,69244
1584,6583
1585,6489
1586,3988
1587,6488
1588,6502
1589,45257
1590,72339
1591,51345
1592,4209
1593,4637
1594,3498
1595,1550
1596,5942
1597,5817
1598,22152
1599,4969
1600,51875
1601,11129
1602,10680
1603,5760
1604,9840
1605,6489
1606,57992
1607,5060
1608,10018
1609,4357
1610,44144
1611,3999
1612,3979
1613,3916
1614,4496
1615,51595
1616,56476
1617,50271
1618,4229
1619,8016
1620,54608
1621,58315
1622,5060
1623,4348
1624,4439
1625,4028
1626,6568
1627,62045
1628,7420
1629,51697
1630,48851
1631,9277
1632,5206
1633,6601
1634,6389
1635,6461
1636,4500
1637,13122
1638,6489
1639,5293
1640,5888
1641,66063
1642,12138
1643,13054
1644,6067
1645,60508
1646,6450
1647,60508
1648,44144
1649,6169
1650,11069
1651,51457
1652,8112
1653,57081
1654,2336
1655,4368
1656,4294
1657,5606
1658,55983
1659,4111
1660,13054
1661,51457
1662,4814
1663,7958
1664,55983
1665,5102
1666,1755
1667,11205
1668,5178
1669,4229
1670,50271
1671,56476
1672,5177
1673,5060
1674,6067
1675,32923
1676,60508
1677,1755
1678,56476
1679,3389
1680,51875
1681,4453
1682,54841
1683,3379
1684,9735
1685,1890
1686,1694
1687,6488
1688,5276
1689,1714
1690,1443
1691,6489
1692,4363
1693,4363
1694,55983
1695,2410
1696,4111
1697,6583
1698,3862
1699,57081
1700,6568
1701,4969
1702,5817
1703,7412
1704,2723
1705,6009
1706,3149
1707,5227
1708,4500
1709,7982
1710,3855
1711,4979
1712,5942
1713,4452
1714,11448
1715,44144
1716,4672
1717,4099
1718,8043
1719,1543
1720,54608
1721,22140
1722,5467
1723,5955
1724,6195
1725,66928
1726,60508
1727,4672
1728,57992
1729,4387
1730,4498
1731,61933
1732,3324
1733,8130
1734,3381
1735,5632
1736,41281
1737,54777
1738,11675
1739,2410
1740,4230
1741,5955
1742,1603
1743,1830
1744,7424
1745,6502
1746,2339
1747,7877
1748,4173
1749,54777
1750,6319
1751,51707
1752,10680
1753,4496
1754,69244
1755,2228
1756,41281
1757,57081
1758,7487
1759,62591
1760,24122
1761,56702
1762,6450
1763,2074
1764,2124
1765,5177
1766,1105
1767,7487
1768,12150
1769,9141
1770,5441
1771,4637
1772,6195
1773,52175
1774,4453
1775,57920
1776,5293
1777,4896
1778,4502
1779,1105
1780,53164
1781,6287
1782,3916
1783,62045
1784,3916
1785,41314
1786,6450
1787,6009
1788,5949
1789,6583
1790,2339
1791,4294
1792,6461
1793,4202
1794,4020
1795,9879
1796,6032
1797,6444
1798,62045
1799,3498
1800,4417
1801,4173
1802,5293
1803,1830
1804,69244
1805,6578
1806,3000
1807,6109
1808,5102
1809,5960
1810,57992
1811,9241
1812,4755
1813,60508
1814,2835
1815,4827
1816,2339
1817,65529
1818,6489
1819,1714
1820,5042
1821,11057
1822,48851
1823,24056
1824,2339
1825,12150
1826,5606
1827,13874
1828,54608
1829,11129
1830,4637
1831,22140
1832,42521
1833,4111
1834,5178
1835,27864
1836,1551
1837,6450
1838,4363
1839,11675
1840,74410
1841,4452
1842,51457
1843,55983
1844,6956
1845,5178
1846,5888
1847,5322
1848,5955
1849,2339
1850,3379
1851,5042
1852,6200
1853,1714
1854,11129
1855,5760
1856,4755
1857,57081
1858,9879
1859,4724
1860,5441
1861,4452
1862,53152
1863,3916
1864,2359
1865,62045
1866,4755
1867,5293
1868,4827
1869,4099
1870,5937
1871,4202
1872,64801
1873,6489
1874,5937
1875,9735
1876,6583
1877,8719
1878,45883
1879,4827
1880,2271
1881,12150
1882,9840
1883,9879
1884,5949
1885,2480
1886,2477
1887,49725
1888,4612
1889,4294
1890,5539
1891,6489
1892,4165
1893,4209
1894,6502
1895,6067
1896,54684
1897,7774
1898,1977
1899,4363
1900,7877
1901,6169
1902,5060
1903,13524
1904,4262
1905,12054
1906,56588
1907,1822
1908,6395
1909,5888
1910,4687
1911,9879
1912,4056
1913,3979
1914,14524
1915,5955
1916,6200
1917,41314
1918,4500
1919,5227
1920,7959
1921,6067
1922,57920
1923,2203
1924,60978
1925,5227
1926,3393
1927,56476
1928,4086
1929,3819
1930,2201
1931,6956
1932,6009
1933,4755
1934,3988
1935,3379
1936,51457
1937,5942
1938,5060
1939,2361
1940,2476
1941,54684
1942,8112
1943,6109
1944,5760
1945,53152
1946,2098
1947,7395
1948,4173
1949,5102
1950,7877
1951,1694
1952,4827
1953,51345
1954,6314
1955,61873
1956,9201
1957,5206
1958,54608
1959,3393
1960,5102
1961,51707
1962,2696
1963,56588
1964,54841
1965,3498
1966,32859
1967,6067
1968,3096
1969,13758
1970,7412
1971,3361
1972,1890
1973,39499
1974,2050
1975,13524
1976,1830
1977,4724
1978,53743
1979,4099
1980,5177
1981,4896
1982,66928
1983,53164
1984,4099
1985,62045
1986,55983
1987,9735
1988,41101
1989,51819
1990,51345
1991,5177
1992,4337
1993,5954
1994,4071
1995,2050
1996,1776
1997,7424
1998,4827
1999,1543
2000,5606
2001,62591
2002,4173
2003,3393
2004,66928
2005,2339
2006,5322
2007,57920
2008,34472
2009,60508
2010,10744
2011,4111
2012,4672
2013,4755
2014,6444
2015,11205
2016,10069
2017,4755
2018,7774
2019,10425
2020,4099
2021,3977
2022,6568
2023,5102
2024,8043
2025,5939
2026,4496
2027,2409
2028,5632
2029,5632
2030,3916
2031,9433
2032,54777
2033,3298
2034,31982
2035,41101
2036,6583
2037,3361
2038,61933
2039,60978
2040,54896
2041,58125
2042,6200
2043,4230
2044,4637
2045,61933
2046,49613
2047,39499
2048,4230
2049,5227
2050,5465
2051,2250
2052,34472
2053,51875
2054,4111
2055,44280
2056,45883
2057,59254
2058,5949
2059,4111
2060,4499
2061,69168
2062,4452
2063,4755
2064,6122
2065,7958
2066,6308
2067,4637
2068,4687
2069,4637
2070,7950
2071,1830
2072,69244
2073,4496
2074,5178
2075,61933
2076,10680
2077,1788
2078,12054
2079,5772
2080,2339
2081,53743
2082,4979
2083,3916
2084,1714
2085,49725
2086,4979
2087,51817
2088,69244
2089,4348
2090,2339
2091,11205
2092,4387
2093,4079
2094,51817
2095,10744
2096,49553
2097,11205
2098,5949
2099,56702
2100,5178
2101,7426
2102,3015
2103,65529
2104,58315
2105,49725
2106,5206
2107,6956
2108,5942
2109,10069
2110,57081
2111,4453
2112,4672
2113,1654
2114,61873
2115,6568
2116,41101
2117,4007
2118,3625
2119,53743
2120,4979
2121,44144
2122,4969
2123,49725
2124,7412
2125,60978
2126,3153
2127,53743
2128,3015
2129,58315
2130,4149
2131,52063
2132,58125
2133,4496
2134,4896
2135,1998
2136,1830
2137,4056
2138,53743
2139,3324
2140,5937
2141,5060
2142,55983
2143,5955
2144,54777
2145,4348
2146,5060
2147,7425
2148,4496
2149,7958
2150,7959
2151,6109
2152,8043
2153,57081
2154,41101
2155,32859
2156,6287
2157,8112
2158,12150
2159,5441
2160,13524
2161,51707
2162,2271
2163,44144
2164,4209
2165,7412
2166,3775
2167,56476
2168,58315
2169,3324
2170,4755
2171,51595
2172,4348
2173,4348
2174,5955
2175,6314
2176,56590
2177,50271
2178,56588
2179,2738
2180,64173
2181,3090
2182,42457
2183,41281
2184,4363
2185,5293
2186,9735
2187,13122
2188,4363
2189,6314
2190,7584
2191,51707
2192,6296
2193,6450
2194,2203
2195,4672
2196,60978
2197,66928
2198,55983
2199,3153
2200,4294
2201,4294
2202,4229
2203,5606
2204,6461
2205,4086
2206,3862
2207,62045
2208,5060
2209,65529
2210,6169
2211,7053
2212,45693
2213,65529
2214,5949
2215,4209
2216,5760
2217,55983
2218,60508
2219,3090
2220,54684
2221,5293
2222,3000
2223,5892
2224,4294
2225,3961
2226,6324
2227,2074
2228,6583
2229,11545
2230,4099
2231,5361
2232,58125
2233,4368
2234,5954
2235,56588
2236,4979
2237,11310
2238,4294
2239,6461
2240,56590
2241,5955
2242,4827
2243,53152
2244,2150
2245,5178
2246,3393
2247,5465
2248,5953
2249,4452
2250,4637
2251,9879
2252,53152
2253,9735
2254,41113
2255,4453
2256,6109
2257,3153
2258,5102
2259,5954
2260,2339
2261,7412
2262,4496
2263,10069
2264,5960
2265,2098
2266,34460
2267,42521
2268,11129
2269,5772
2270,4637
2271,3361
2272,4637
2273,2124
2274,53743
2275,45257
2276,2271
2277,9879
2278,2228
2279,5954
2280,51457
2281,3916
2282,62591
2283,54777
2284,6958
2285,5441
2286,45693
2287,61873
2288,2228
2289,6122
2290,3999
2291,5060
2292,2201
2293,12054
2294,7584
2295,5772
2296,4969
2297,27864
2298,6568
2299,10680
2300,3014
2301,44144
2302,4452
2303,56702
2304,7487
2305,45693
2306,5441
2307,16212
2308,65529
2309,4071
2310,6488
2311,60396
2312,6308
2313,53164
2314,2476
2315,4969
2316,4086
2317,53164
2318,23484
2319,11448
2320,6009
2321,55983
2322,2124
2323,12138
2324,3625
2325,3999
2326,4028
2327,11508
2328,32859
2329,5954
2330,5772
2331,51875
2332,7584
2333,6583
2334,5954
2335,53164
2336,49553
2337,51875
2338,1755
2339,39499
2340,6133
2341,39499
2342,4896
2343,41314
2344,4672
2345,54608
2346,4173
2347,12150
2348,6734
2349,5817
2350,55377
2351,6488
2352,4496
2353,4357
2354,2336
2355,5042
2356,56702
2357,60508
2358,4612
2359,5772
2360,5178
2361,58315
2362,62045
2363,4637
2364,49553
2365,6461
2366,58315
2367,4020
2368,72339
2369,49553
2370,6067
2371,4637
2372,4173
2373,5322
2374,3381
2375,4294
2376,44144
2377,11448
2378,55377
2379,4827
2380,24056
2381,3381
2382,9879
2383,69874
2384,2901
2385,6169
2386,51817
2387,4637
2388,6169
2389,1890
2390,53743
2391,4637
2392,10680
2393,1998
2394,13524
2395,22152
2396,53743
2397,4501
2398,5955
2399,4028
2400,4755
2401,60978
2402,4499
2403,34460
2404,39321
2405,6133
2406,3855
2407,4496
2408,5178
2409,9201
2410,39499
2411,6578
2412,3000
2413,2603
2414,65529
2415,1776
2416,39321
2417,10744
2418,4672
2419,5322
2420,6324
2421,5954
2422,58315
2423,4496
2424,2327
2425,3860
2426,62045
2427,5102
2428,54684
2429,54777
2430,12768
2431,22152
2432,66063
2433,7572
2434,4262
2435,7425
2436,9735
2437,60508
2438,51345
2439,4363
2440,60260
2441,4111
2442,6583
2443,5177
2444,2336
2445,3000
2446,4086
2447,5949
2448,7424
2449,5276
2450,6489
2451,3862
2452,5843
2453,6502
2454,49553
2455,4368
2456,60978
2457,23944
2458,5937
2459,39499
2460,51707
2461,6324
2462,6067
2463,4390
2464,8112
2465,4498
2466,1755
2467,4086
2468,5330
2469,5227
2470,9840
2471,4498
2472,3389
2473,3855
2474,4390
2475,5960
2476,4209
2477,3980
2478,12118
2479,64801
2480,5060
2481,32923
2482,6444
2483,55983
2484,53209
2485,57920
2486,4099
2487,5178
2488,57081
2489,2228
2490,8719
2491,54777
2492,11205
2493,4827
2494,4363
2495,1830
2496,4637
2497,1830
2498,9201
2499,66063
2500,4071
2501,53209
2502,2203
2503,3096
2504,9201
2505,49725
2506,2750
2507,17604
2508,8719
2509,4165
2510,4149
2511,53164
2512,5949
2513,3393
2514,5102
2515,10744
2516,4368
2517,2056
2518,60508
2519,61933
2520,60508
2521,3014
2522,66063
2523,55983
2524,51345
2525,62045
2526,6444
2527,5102
2528,11205
2529,3090
2530,8112
2531,58315
2532,54777
2533,4173
2534,60396
2535,2201
2536,8130
2537,3977
2538,3275
2539,3397
2540,58125
2541,5632
2542,12054
2543,34460
2544,23424
2545,4417
2546,54684
2547,11205
2548,2111
2549,41113
2550,5954
2551,8043
2552,3988
2553,7053
2554,44144
2555,65529
2556,4499
2557,5206
2558,4056
2559,3096
2560,7487
2561,6578
2562,6437
2563,5177
2564,4173
2565,5632
2566,11310
2567,4496
2568,7424
2569,5937
2570,53743
2571,60508
2572,2124
2573,1755
2574,52063
2575,5178
2576,49725
2577,64801
2578,6195
2579,4111
2580,66928
2581,51697
2582,54896
2583,53209
2584,5465
2585,2339
2586,6395
2587,56702
2588,6287
2589,3980
2590,5102
2591,3393
2592,3393
2593,4724
2594,42457
2595,13054
2596,34472
2597,12150
2598,62045
2599,4496
2600,57920
2601,7774
2602,4071
2603,62591
2604,3379
2605,10744
2606,57920
2607,6437
2608,2201
2609,2552
2610,4020
2611,6956
2612,5632
2613,1890
2614,5949
2615,49725
2616,5953
2617,5954
2618,69244
2619,7877
2620,4071
2621,2339
2622,3999
2623,6195
2624,54896
2625,56588
2626,5818
2627,65529
2628,52175
2629,57081
2630,6568
2631,4979
2632,4099
2633,49613
2634,5843
2635,3153
2636,3862
2637,5960
2638,62045
2639,10680
2640,5322
2641,6488
2642,56588
2643,45693
2644,4056
2645,2410
2646,2464
2647,32923
2648,6133
2649,6444
2650,57920
2651,55983
2652,2250
2653,7487
2654,4007
2655,4672
2656,4357
2657,48851
2658,41101
2659,58315
2660,49725
2661,62045
2662,1998
2663,57992
2664,5206
2665,6122
2666,53164
2667,52175
2668,54684
2669,61873
2670,2359
2671,5632
2672,4496
2673,9141
2674,3457
2675,6132
2676,7053
2677,2410
2678,1830
2679,7425
2680,6502
2681,4387
2682,5857
2683,4896
2684,5943
2685,2124
2686,5632
2687,48851
2688,44144
2689,11675
2690,5102
2691,23838
2692,4048
2693,7424
2694,2056
2695,9201
2696,3389
2697,5760
2698,11129
2699,60978
2700,51345
2701,45257
2702,3090
2703,4149
2704,4500
2705,17548
2706,5817
2707,56588
2708,49725
2709,5102
2710,52063
2711,4896
2712,5178
2713,3819
2714,56588
2715,6488
2716,4111
2717,64173
2718,4099
2719,4755
2720,6583
2721,2410
2722,5227
2723,66063
2724,6461
2725,3153
2726,2723
2727,6489
2728,4452
2729,2250
2730,11205
2731,55377
2732,1543
2733,5772
2734,49613
2735,4165
2736,5178
2737,49613
2738,4294
2739,60396
2740,5060
2741,9735
2742,6461
2743,51457
2744,4086
2745,54608
2746,5467
2747,6502
2748,55983
2749,6502
2750,10018
2751,56588
2752,6578
2753,62045
2754,3990
2755,5772
2756,6132
2757,60365
2758,5043
2759,39499
2760,5467
2761,48851
2762,11129
2763,6502
2764,57992
2765,12150
2766,11057
2767,8016
2768,54777
2769,4755
2770,53164
2771,3014
2772,2723
2773,3393
2774,3361
2775,10744
2776,5960
2777,7420
2778,5227
2779,6109
2780,51707
2781,56476
2782,7584
2783,3775
2784,6067
2785,6461
2786,7877
2787,5954
2788,11448
2789,6324
2790,3090
2791,2271
2792,1830
2793,57992
2794,4500
2795,52063
2796,6195
2797,5441
2798,4969
2799,50271
2800,4439
2801,6502
2802,4491
2803,27864
2804,2327
2805,5772
2806,57920
2807,61873
2808,4229
2809,51875
2810,6067
2811,4363
2812,12150
2813,6195
2814,1776
2815,7424
2816,6578
2817,12768
2818,5441
2819,2098
2820,5060
2821,6395
2822,5102
2823,4020
2824,4111
2825,2477
2826,5954
2827,4230
2828,51457
2829,3149
2830,3979
2831,2050
2832,6109
2833,3819
2834,4173
2835,9277
2836,4202
2837,4209
2838,54841
2839,54608
2840,5441
2841,56476
2842,57081
2843,60508
2844,57920
2845,1830
2846,4556
2847,53152
2848,6578
2849,2278
2850,53743
2851,4755
2852,6324
2853,58315
2854,60978
2855,13122
2856,7774
2857,51595
2858,5467
2859,17604
2860,4165
2861,4363
2862,7487
2863,4007
2864,60396
2865,2836
2866,2327
2867,5606
2868,11069
2869,53152
2870,6287
2871,53209
2872,53164
2873,9277
2874,3979
2875,3980
2876,5949
2877,6578
2878,12015
2879,6169
2880,45693
2881,2410
2882,52063
2883,45257
2884,4111
2885,4071
2886,44144
2887,13122
2888,23944
2889,3096
2890,1654
2891,5467
2892,41101
2893,4969
2894,1714
2895,7950
2896,9141
2897,3916
2898,2821
2899,4209
2900,5760
2901,4500
2902,56702
2903,13524
2904,48851
2905,5817
2906,54777
2907,6287
2908,57992
2909,44280
2910,7950
2911,5953
2912,5276
2913,5177
2914,52063
2915,5177
2916,6296
2917,7774
2918,7488
2919,60978
2920,6958
2921,3015
2922,5857
2923,6314
2924,51707
2925,3090
2926,5857
2927,5104
2928,2836
2929,34460
2930,3379
2931,11129
2932,7412
2933,59254
2934,7053
2935,56588
2936,57081
2937,7774
2938,5954
2939,5276
2940,4499
2941,56476
2942,4969
2943,2901
2944,2250
2945,18879
2946,55983
2947,3988
2948,51595
2949,4111
2950,5102
2951,6067
2952,7412
2953,66928
2954,6956
2955,44144
2956,6067
2957,6308
2958,6568
2959,12768
2960,8016
2961,3862
2962,2339
2963,11129
2964,4499
2965,54777
2966,6489
2967,4007
2968,52175
2969,4417
2970,17794
2971,6395
2972,6195
2973,2056
2974,7958
2975,51875
2976,54684
2977,20232
2978,3916
2979,7488
2980,5293
2981,5606
2982,52063
2983,10069
2984,66928
2985,4368
2986,5060
2987,6324
2988,61873
2989,12054
2990,4071
2991,54896
2992,45883
2993,1543
2994,4348
2995,3000
2996,54777
2997,2410
2998,54841
2999,5949
3000,7584
3001,4056
3002,55983
3003,1755
3004,5934
3005,2723
3006,60396
3007,4028
3008,41281
3009,8112
3010,66063
3011,3000
3012,6502
3013,2477
3014,42457
3015,51707
3016,51707
3017,52175
3018,54841
3019,7425
3020,3646
3021,4209
3022,3992
3023,2723
3024,5942
3025,6122
3026,6578
3027,53164
3028,4452
3029,6450
3030,7877
3031,3999
3032,6067
3033,60978
3034,4969
3035,60396
3036,3979
3037,5888
3038,4099
3039,9241
3040,56588
3041,5772
3042,12054
3043,7950
3044,3393
3045,6461
3046,4338
3047,62045
3048,11129
3049,60365
3050,2124
3051,41113
3052,49613
3053,5060
3054,54684
3055,49725
3056,3014
3057,7412
3058,60508
3059,2203
3060,4000
3061,48851
3062,5467
3063,2410
3064,11488
3065,6489
3066,34460
3067,4496
3068,2228
3069,5760
3070,6956
3071,5955
3072,51457
3073,5042
3074,2339
3075,2339
3076,51457
3077,6067
3078,7877
3079,2228
3080,3379
3081,56588
3082,6195
3083,10744
3084,5539
3085,10680
3086,11129
3087,4071
3088,4500
3089,4363
3090,7496
3091,3014
3092,5954
3093,6502
3094,4672
3095,4111
3096,5102
3097,6296
3098,54684
3099,3324
3100,2339
3101,54777
3102,28510
3103,5817
3104,5178
3105,2696
3106,16212
3107,53743
3108,53743
3109,6568
3110,57992
3111,39499
3112,6122
3113,6287
3114,2203
3115,49725
3116,6488
3117,3961
3118,8043
3119,5954
3120,60508
3121,69244
3122,56590
3123,3389
3124,66063
3125,34472
3126,3916
3127,5293
3128,54841
3129,49553
3130,2201
3131,4672
3132,6734
3133,3916
3134,2339
3135,5441
3136,69244
3137,61933
3138,4097
3139,4979
3140,57992
3141,4501
3142,50271
3143,51595
3144,4637
3145,5843
3146,54841
3147,2723
3148,4387
3149,6578
3150,1788
3151,66063
3152,3999
3153,11448
3154,56588
3155,4086
3156,4556
3157,4007
3158,6489
3159,5102
3160,11205
3161,3916
3162,43376
3163,66063
3164,6009
3165,10744
3166,5949
3167,1890
3168,56702
3169,3860
3170,6319
3171,4637
3172,3979
3173,8112
3174,5949
3175,5949
3176,7053
3177,7488
3178,3379
3179,9201
3180,7958
3181,61933
3182,60396
3183,9201
3184,2271
3185,4071
3186,4294
3187,3999
3188,6956
3189,2359
3190,5892
3191,60260
3192,62045
3193,51457
3194,52175
3195,51819
3196,6583
3197,3916
3198,56588
3199,72339
3200,58315
3201,5761
3202,6444
3203,2836
3204,10069
3205,27792
3206,6122
3207,69244
3208,5060
3209,62045
3210,5102
3211,5892
3212,5275
3213,3397
3214,6489
3215,54608
3216,4496
3217,20760
3218,6067
3219,4417
3220,34472
3221,58125
3222,4202
3223,54841
3224,6583
3225,6200
3226,58315
3227,5177
3228,4111
3229,4672
3230,5632
3231,6461
3232,4969
3233,6009
3234,4165
3235,13122
3236,2410
3237,2901
3238,4755
3239,1776
3240,4556
3241,4007
3242,5322
3243,6314
3244,60978
3245,56702
3246,54608
3247,60508
3248,5042
3249,11069
3250,9201
3251,51457
3252,5467
3253,65529
3254,6502
3255,1788
3256,5943
3257,62045
3258,54608
3259,5102
3260,4111
3261,34472
3262,1830
3263,5177
3264,11488
3265,3090
3266,3014
3267,2723
3268,3379
3269,2327
3270,4001
3271,2621
3272,8130
3273,1890
3274,4230
3275,4229
3276,20684
3277,2074
3278,58315
3279,52063
3280,6489
3281,5949
3282,6122
3283,6583
3284,4500
3285,5954
3286,5276
3287,11069
3288,6169
3289,11205
3290,8867
3291,58125
3292,7488
3293,5960
3294,65529
3295,61873
3296,60508
3297,6568
3298,6122
3299,5276
3300,2410
3301,5102
3302,23583
3303,49725
3304,3822
3305,6427
3306,4086
3307,5227
3308,44280
3309,4499
3310,41101
3311,3916
3312,41113
3313,9879
3314,5276
3315,2738
3316,27864
3317,7053
3318,9879
3319,56476
3320,5322
3321,2350
3322,3855
3323,4099
3324,3361
3325,5606
3326,3389
3327,42521
3328,13524
3329,4097
3330,6200
3331,6578
3332,4338
3333,6985
3334,5606
3335,54684
3336,54841
3337,11448
3338,4028
3339,58125
3340,4979
3341,12054
3342,4348
3343,2132
3344,2278
3345,42521
3346,58315
3347,11205
3348,5060
3349,69244
3350,53164
3351,6489
3352,6461
3353,5888
3354,3381
3355,3090
3356,6067
3357,5954
3358,12150
3359,2480
3360,57920
3361,56702
3362,4500
3363,11129
3364,2343
3365,5206
3366,5177
3367,4500
3368,12150
3369,5441
3370,9523
3371,4071
3372,1543
3373,34460
3374,5960
3375,56590
3376,41101
3377,3090
3378,7425
3379,56588
3380,53164
3381,5943
3382,2410
3383,6489
3384,2343
3385,3090
3386,67842
3387,5772
3388,5632
3389,9735
3390,4499
3391,56588
3392,34460
3393,42457
3394,48851
3395,60508
3396,57920
3397,3361
3398,2098
3399,50271
3400,6502
3401,60978
3402,51697
3403,7584
3404,7774
3405,11205
3406,4556
3407,11129
3408,7412
3409,8043
3410,54841
3411,4086
3412,11205
3413,2339
3414,2201
3415,56588
3416,7572
3417,57992
3418,66928
3419,5322
3420,11508
3421,3379
3422,6195
3423,4491
3424,6489
3425,55377
3426,22140
3427,19180
3428,49725
3429,6324
3430,51457
3431,4390
3432,4209
3433,3393
3434,6502
3435,3855
3436,4209
3437,60978
3438,9735
3439,4556
3440,4672
3441,9277
3442,8112
3443,54896
3444,2476
3445,6985
3446,60396
3447,6200
3448,6009
3449,51707
3450,4417
3451,5465
3452,5955
3453,60396
3454,2050
3455,5960
3456,49613
3457,39499
3458,13524
3459,51457
3460,49553
3461,6169
3462,7774
3463,2410
3464,3324
3465,60508
3466,4439
3467,3015
3468,44280
3469,62591
3470,1776
3471,56588
3472,69244
3473,61873
3474,54608
3475,20684
3476,13122
3477,5102
3478,11205
3479,59254
3480,4028
3481,4209
3482,39321
3483,42521
3484,27976
3485,58315
3486,6583
3487,11448
3488,17536
3489,5441
3490,42521
3491,4367
3492,5227
3493,34472
3494,3000
3495,8112
3496,3988
3497,8130
3498,5760
3499,6169
3500,4672
3501,12054
3502,60978
3503,41113
3504,6067
3505,60260
3506,6958
3507,4007
3508,5087
3509,3450
3510,66063
3511,3646
3512,57920
3513,3855
3514,44144
3515,7412
3516,2700
3517,12150
3518,4209
3519,6195
3520,12138
3521,4755
3522,5632
3523,5178
3524,5955
3525,4294
3526,5102
3527,58125
3528,6489
3529,3090
3530,5102
3531,4056
3532,8719
3533,5955
3534,2477
3535,45257
3536,42457
3537,4500
3538,5060
3539,5892
3540,4556
3541,3015
3542,1694
3543,4500
3544,2201
3545,3754
3546,3090
3547,3090
3548,34472
3549,58315
3550,53164
3551,6489
3552,5102
3553,1890
3554,53743
3555,60508
3556,4111
3557,7774
3558,4202
3559,6287
3560,60978
3561,56476
3562,6450
3563,5954
3564,2336
3565,13524
3566,2339
3567,6067
3568,3090
3569,1105
3570,48851
3571,2614
3572,1890
3573,5843
3574,6109
3575,69244
3576,54896
3577,7584
3578,3862
3579,5276
3580,54777
3581,52063
3582,62045
3583,53164
3584,32923
3585,52063
3586,7950
3587,10744
3588,57992
3589,54608
3590,5937
3591,3754
3592,52175
3593,5178
3594,4673
3595,6583
3596,12150
3597,51707
3598,6578
3599,44280
3600,2339
3601,3862
3602,6985
3603,5949
3604,7425
3605,44144
3606,5606
3607,56702
3608,54896
3609,6427
3610,4556
3611,62045
3612,13122
3613,4230
3614,62045
3615,2074
3616,9201
3617,2410
3618,5227
3619,13524
3620,4165
3621,5441
3622,44144
3623,3860
3624,3090
3625,54777
3626,24056
3627,10744
3628,4637
3629,4453
3630,2464
3631,4209
3632,5178
3633,6578
3634,2723
3635,62045
3636,13122
3637,1776
3638,6488
3639,5943
3640,3860
3641,3393
3642,5942
3643,58125
3644,4417
3645,2336
3646,5322
3647,6568
3648,56588
3649,56702
3650,4230
3651,6195
3652,52287
3653,6296
3654,4827
3655,9241
3656,4165
3657,1830
3658,49725
3659,4202
3660,7950
3661,44144
3662,3498
3663,60396
3664,6489
3665,4496
3666,41314
3667,2278
3668,13054
3669,6389
3670,5102
3671,1830
3672,49725
3673,41101
3674,1998
3675,11129
3676,5042
3677,3457
3678,7420
3679,5943
3680,3980
3681,69244
3682,60978
3683,7959
3684,53152
3685,48851
3686,4071
3687,4111
3688,41281
3689,58125
3690,3979
3691,5772
3692,6437
3693,7584
3694,69244
3695,1890
3696,4099
3697,4496
3698,53164
3699,54777
3700,2399
3701,18305
3702,4724
3703,4203
3704,6568
3705,5322
3706,6195
3707,4502
3708,4502
3709,1890
3710,54684
3711,52175
3712,55377
3713,11069
3714,2700
3715,4969
3716,7488
3717,4071
3718,5955
3719,5293
3720,20760
3721,4056
3722,4111
3723,6109
3724,2050
3725,61933
3726,62045
3727,6287
3728,58315
3729,11448
3730,6195
3731,6489
3732,2361
3733,4363
3734,4755
3735,41314
3736,3999
3737,4363
3738,4637
3739,5018
3740,54608
3741,60508
3742,6195
3743,6450
3744,23838
3745,54684
3746,9277
3747,48851
3748,2836
3749,6489
3750,3016
3751,6489
3752,42457
3753,9141
3754,62045
3755,4496
3756,31436
3757,6009
3758,4363
3759,6109
3760,2336
3761,4173
3762,1543
3763,61873
3764,51697
3765,3999
3766,1543
3767,2056
3768,42521
3769,54777
3770,4357
3771,6195
3772,3361
3773,11448
3774,5942
3775,3393
3776,4502
3777,5227
3778,4368
3779,4814
3780,42521
3781,6314
3782,10069
3783,51345
3784,10018
3785,3988
3786,54684
3787,57920
3788,69244
3789,9141
3790,2278
3791,4496
3792,56702
3793,5102
3794,42457
3795,4368
3796,4229
3797,23583
3798,49725
3799,23424
3800,6314
3801,5817
3802,7584
3803,27864
3804,6489
3805,7572
3806,5322
3807,5772
3808,2271
3809,6122
3810,55983
3811,53152
3812,54777
3813,41113
3814,9879
3815,6287
3816,2022
3817,51697
3818,44144
3819,2336
3820,3916
3821,12768
3822,54608
3823,2409
3824,34460
3825,5949
3826,39499
3827,42457
3828,3999
3829,6734
3830,11205
3831,4056
3832,5276
3833,5441
3834,5060
3835,28510
3836,3153
3837,34472
3838,56590
3839,5178
3840,2105
3841,52175
3842,62045
3843,4337
3844,27864
3845,57920
3846,5227
3847,42521
3848,7412
3849,4452
3850,2723
3851,2821
3852,6122
3853,45693
3854,6568
3855,4209
3856,53164
3857,6319
3858,5960
3859,9201
3860,4637
3861,9201
3862,3096
3863,51707
3864,3723
3865,45883
3866,24122
3867,8111
3868,4229
3869,13758
3870,2614
3871,51707
3872,4427
3873,6200
3874,32923
3875,6568
3876,5949
3877,3379
3878,6461
3879,11129
3880,49553
3881,6200
3882,6502
3883,6578
3884,5943
3885,60260
3886,6578
3887,27976
3888,5949
3889,2476
3890,5654
3891,3625
3892,3855
3893,6461
3894,10018
3895,49725
3896,1543
3897,13524
3898,1830
3899,4294
3900,5322
3901,9141
3902,4896
3903,55377
3904,58125
3905,60365
3906,3389
3907,50271
3908,60365
3909,66063
3910,6122
3911,4079
3912,4079
3913,4020
3914,5322
3915,13054
3916,5177
3917,3298
3918,60508
3919,7584
3920,69168
3921,53164
3922,32859
3923,6427
3924,4001
3925,60978
3926,2835
3927,2250
3928,3512
3929,4368
3930,4071
3931,2124
3932,5954
3933,3860
3934,5102
3935,7950
3936,1890
3937,5960
3938,6568
3939,4589
3940,6009
3941,2476
3942,4724
3943,53743
3944,66928
3945,2738
3946,5632
3947,6568
3948,60508
3949,5060
3950,6195
3951,5042
3952,5293
3953,9349
3954,6578
3955,1788
3956,41113
3957,10680
3958,4202
3959,7412
3960,4556
3961,55983
3962,6200
3963,6578
3964,60365
3965,6444
3966,4363
3967,10744
3968,6308
3969,4086
3970,56588
3971,2723
3972,4496
3973,6568
3974,8016
3975,5177
3976,42457
3977,42521
3978,49725
3979,11129
3980,49553
3981,55377
3982,11205
3983,42521
3984,3862
3985,3988
3986,34460
3987,51372
3988,5843
3989,23838
3990,6324
3991,4496
3992,2477
3993,4387
3994,4612
3995,4687
3996,5955
3997,56588
3998,7412
3999,5060
4000,60978
4001,58315
4002,51817
4003,6450
4004,7958
4005,4502
4006,2477
4007,8112
4008,6461
4009,4173
4010,2409
4011,6109
4012,62045
4013,4173
4014,65529
4015,7950
4016,4969
4017,4827
4018,32923
4019,4363
4020,54896
4021,4111
4022,56702
4023,6502
4024,2339
4025,64801
4026,4755
4027,6122
4028,41314
4029,53209
4030,54896
4031,3357
4032,54777
4033,2339
4034,3389
4035,56590
4036,2350
4037,9201
4038,54841
4039,2476
4040,5632
4041,6427
4042,7877
4043,3860
4044,11205
4045,6314
4046,2723
4047,4071
4048,5937
4049,3988
4050,5102
4051,23424
4052,60396
4053,56588
4054,3916
4055,9840
4056,5937
4057,2901
4058,4111
4059,41101
4060,7958
4061,6195
4062,66928
4063,4979
4064,4173
4065,45693
4066,5178
4067,2464
4068,6450
4069,1776
4070,4086
4071,58315
4072,61933
4073,2410
4074,6308
4075,14524
4076,6195
4077,6109
4078,53164
4079,4439
4080,4230
4081,4086
4082,5441
4083,3090
4084,3999
4085,66928
4086,6489
4087,11205
4088,5892
4089,69244
4090,5322
4091,2336
4092,2723
4093,3723
4094,12138
4095,4502
4096,53164
4097,6308
4098,51707
4099,41314
4100,45883
4101,3860
4102,2723
4103,3855
4104,6437
4105,66928
4106,51817
4107,11508
4108,6133
4109,45257
4110,4173
4111,69168
4112,6578
4113,5955
4114,11205
4115,5322
4116,6287
4117,66928
4118,4755
4119,50271
4120,2835
4121,51875
4122,12150
4123,51707
4124,5060
4125,3860
4126,2339
4127,48851
4128,1105
4129,6489
4130,62045
4131,4672
4132,44144
4133,55983
4134,50271
4135,4348
4136,2050
4137,62045
4138,56702
4139,3393
4140,55983
4141,4028
4142,4393
4143,60396
4144,6450
4145,9241
4146,7950
4147,5102
4148,2301
4149,6578
4150,4348
4151,4453
4152,53209
4153,4111
4154,2056
4155,1788
4156,6489
4157,4672
4158,4496
4159,5772
4160,7425
4161,5441
4162,4496
4163,41314
4164,11448
4165,8112
4166,48851
4167,2410
4168,4363
4169,2098
4170,4338
4171,3381
4172,65529
4173,11129
4174,5949
4175,6450
4176,57992
4177,64173
4178,4499
4179,4071
4180,11129
4181,51457
4182,60508
4183,5949
4184,44144
4185,60978
4186,3999
4187,9277
4188,3393
4189,4099
4190,58125
4191,60396
4192,3275
4193,54684
4194,44144
4195,48851
4196,5276
4197,5178
4198,2336
4199,51697
4200,2723
4201,53164
4202,22152
4203,3393
4204,6502
4205,4724
4206,6308
4207,32859
4208,4056
4209,16835
4210,34460
4211,4028
4212,13524
4213,6489
4214,4209
4215,5892
4216,49613
4217,5960
4218,6578
4219,6395
4220,10744
4221,4827
4222,4028
4223,61873
4224,4637
4225,5465
4226,45693
4227,57920
4228,3090
4229,45883
4230,5103
4231,57992
4232,6488
4233,4071
4234,10018
4235,51875
4236,6287
4237,10744
4238,5276
4239,54684
4240,5178
4241,10744
4242,3153
4243,4417
4244,6122
4245,7053
4246,3393
4247,6578
4248,5276
4249,2393
4250,54777
4251,11129
4252,1654
4253,4079
4254,51457
4255,2836
4256,4111
4257,4099
4258,3015
4259,66928
4260,58125
4261,1830
4262,4294
4263,49553
4264,2410
4265,7959
4266,5322
4267,51595
4268,56588
4269,55983
4270,11205
4271,20760
4272,4020
4273,2410
4274,1890
4275,5102
4276,5276
4277,5275
4278,6734
4279,49725
4280,5606
4281,5206
4282,6583
4283,5441
4284,66928
4285,5954
4286,1443
4287,9349
4288,56476
4289,51697
4290,5293
4291,7584
4292,2339
4293,31436
4294,4363
4295,5772
4296,51707
4297,8842
4298,39499
4299,54777
4300,44280
4301,58125
4302,4637
4303,8842
4304,64173
4305,6009
4306,66928
4307,6009
4308,1105
4309,56702
4310,42457
4311,53164
4312,27792
4313,51457
4314,6444
4315,44144
4316,6067
4317,65529
4318,55377
4319,1830
4320,4387
4321,5960
4322,7692
4323,13122
4324,62045
4325,6568
4326,4724
4327,6308
4328,49553
4329,69244
4330,4209
4331,7425
4332,4452
4333,44144
4334,7487
4335,2836
4336,66063
4337,4230
4338,2339
4339,54608
4340,6395
4341,45883
4342,4501
4343,54841
4344,60978
4345,4724
4346,5177
4347,6287
4348,3393
4349,12138
4350,60396
4351,5892
4352,4294
4353,65529
4354,2339
4355,5934
4356,45185
4357,49553
4358,6444
4359,6195
4360,4230
4361,49725
4362,53164
4363,6169
4364,45883
4365,69244
4366,54896
4367,34460
4368,7412
4369,41269
4370,1105
4371,4499
4372,60978
4373,5102
4374,8112
4375,56702
4376,4099
4377,11508
4378,32859
4379,51457
4380,3498
4381,60260
4382,4020
4383,1551
4384,62591
4385,3916
4386,4637
4387,4498
4388,8112
4389,4209
4390,11520
4391,3153
4392,4755
4393,6195
4394,5949
4395,3819
4396,57920
4397,51345
4398,56588
4399,66928
4400,6287
4401,16212
4402,61933
4403,4452
4404,6067
4405,1654
4406,53152
4407,57920
4408,5892
4409,5276
4410,6502
4411,5042
4412,4020
4413,53209
4414,4028
4415,6489
4416,5960
4417,55983
4418,5087
4419,53164
4420,62591
4421,8016
4422,67842
4423,5949
4424,7584
4425,3357
4426,56588
4427,2228
4428,8112
4429,5467
4430,53164
4431,9201
4432,9879
4433,6032
4434,52063
4435,34460
4436,3457
4437,2359
4438,4387
4439,4367
4440,5772
4441,5949
4442,13122
4443,17548
4444,3754
4445,56702
4446,4500
4447,7484
4448,4417
4449,2900
4450,41101
4451,3855
4452,4387
4453,4357
4454,4499
4455,5042
4456,3014
4457,6287
4458,53164
4459,5954
4460,7958
4461,11508
4462,4556
4463,6009
4464,5441
4465,5289
4466,9141
4467,51817
4468,34472
4469,4755
4470,2409
4471,45257
4472,9864
4473,4672
4474,4363
4475,57992
4476,7927
4477,69244
4478,4363
4479,6133
4480,4368
4481,58125
4482,3855
4483,2343
4484,27792
4485,53164
4486,3090
4487,5942
4488,3000
4489,3357
4490,60396
4491,51457
4492,54896
4493,7425
4494,49613
4495,4165
4496,51697
4497,60978
4498,22140
4499,55983
4500,57992
4501,2339
4502,6578
4503,6067
4504,4056
4505,9241
4506,56590
4507,4149
4508,6489
4509,54841
4510,60978
4511,4687
4512,5574
4513,6437
4514,6287
4515,34472
4516,6489
4517,61933
4518,4637
4519,9277
4520,5441
4521,13054
4522,6296
4523,6578
4524,11129
4525,5772
4526,4496
4527,6122
4528,6461
4529,3067
4530,2098
4531,4079
4532,6734
4533,60978
4534,5960
4535,54608
4536,57992
4537,3979
4538,7982
4539,4979
4540,5227
4541,2339
4542,6067
4543,52063
4544,27864
4545,6195
4546,44144
4547,54608
4548,61933
4549,7487
4550,6169
4551,4230
4552,5322
4553,13054
4554,24234
4555,6956
4556,51595
4557,12054
4558,8112
4559,39499
4560,66928
4561,8130
4562,4173
4563,4672
4564,3988
4565,39321
4566,6502
4567,10744
4568,4099
4569,1714
4570,3999
4571,6109
4572,4556
4573,4202
4574,2343
4575,6450
4576,6287
4577,5949
4578,5817
4579,1776
4580,7982
4581,4612
4582,57081
4583,4390
4584,60978
4585,3361
4586,3397
4587,5227
4588,56588
4589,4230
4590,49725
4591,9201
4592,7927
4593,3014
4594,41113
4595,4453
4596,6169
4597,8112
4598,4149
4599,2410
4600,7053
4601,45883
4602,4368
4603,55983
4604,13524
4605,45693
4606,6195
4607,3397
4608,13054
4609,4099
4610,6578
4611,51697
4612,54777
4613,3999
4614,1714
4615,56588
4616,2228
4617,1105
4618,4020
4619,49725
4620,2339
4621,6489
4622,2836
4623,1776
4624,8043
4625,6444
4626,7584
4627,34460
4628,3090
4629,6324
4630,4672
4631,5467
4632,9181
4633,52175
4634,56588
4635,7487
4636,53164
4637,5843
4638,6734
4639,49553
4640,3980
4641,5441
4642,6195
4643,50271
4644,4086
4645,3014
4646,7950
4647,60978
4648,2339
4649,62045
4650,53164
4651,11448
4652,3988
4653,8043
4654,45693
4655,12150
4656,54896
4657,69244
4658,11129
4659,4086
4660,55983
4661,4672
4662,62591
4663,11069
4664,52175
4665,51707
4666,4896
4667,6312
4668,11069
4669,4165
4670,4086
4671,69244
4672,9141
4673,56588
4674,6444
4675,54777
4676,3980
4677,55983
4678,42521
4679,44280
4680,5227
4681,4417
4682,22152
4683,12138
4684,54777
4685,51875
4686,6502
4687,44144
4688,4230
4689,44280
4690,23583
4691,6578
4692,6489
4693,51817
4694,5937
4695,57920
4696,6437
4697,51595
4698,20760
4699,34460
4700,60978
4701,2410
4702,5892
4703,3855
4704,7877
4705,4020
4706,4357
4707,5102
4708,2124
4709,56590
4710,2477
4711,5293
4712,6568
4713,8112
4714,5322
4715,56702
4716,5322
4717,4390
4718,25470
4719,31436
4720,57992
4721,39499
4722,6195
4723,27792
4724,27976
4725,5772
4726,6578
4727,6461
4728,45883
4729,4363
4730,60508
4731,6195
4732,69244
4733,52063
4734,2201
4735,54608
4736,4417
4737,5772
4738,49725
4739,4173
4740,8112
4741,58125
4742,2738
4743,2203
4744,5102
4745,5042
4746,4755
4747,51697
4748,51875
4749,43376
4750,11448
4751,60978
4752,6109
4753,8043
4754,61933
4755,5178
4756,3389
4757,6296
4758,1544
4759,2203
4760,64831
4761,7412
4762,39321
4763,4452
4764,4687
4765,4496
4766,49553
4767,65529
4768,66928
4769,6200
4770,2336
4771,4499
4772,2700
4773,6287
4774,53152
4775,4357
4776,3916
4777,51697
4778,69244
4779,53152
4780,3916
4781,49553
4782,6132
4783,51595
4784,51595
4785,34472
4786,4363
4787,4672
4788,51457
4789,6489
4790,53152
4791,55377
4792,5954
4793,41269
4794,3980
4795,69244
4796,20606
4797,44280
4798,7352
4799,5177
4800,4173
4801,3000
4802,7877
4803,6009
4804,4724
4805,45883
4806,6444
4807,3819
4808,3153
4809,2480
4810,4724
4811,5177
4812,57081
4813,6169
4814,2339
4815,6461
4816,5955
4817,2410
4818,4202
4819,4007
4820,2723
4821,41101
4822,60978
4823,4896
4824,6287
4825,4452
4826,50271
4827,8112
4828,4453
4829,5892
4830,5817
4831,6461
4832,5888
4833,56476
4834,6122
4835,5817
4836,23484
4837,55377
4838,5276
4839,6450
4840,51817
4841,51372
4842,6169
4843,51595
4844,11205
4845,60508
4846,4556
4847,4056
4848,4827
4849,54841
4850,3090
4851,2960
4852,4357
4853,6489
4854,10069
4855,4020
4856,3916
4857,5322
4858,5276
4859,4028
4860,54684
4861,5937
4862,5060
4863,3393
4864,42521
4865,4348
4866,4556
4867,1694
4868,4363
4869,4979
4870,2080
4871,51457
4872,6488
4873,7950
4874,44280
4875,58315
4876,6389
4877,5954
4878,2410
4879,42521
4880,5772
4881,11508
4882,56588
4883,9879
4884,54777
4885,60396
4886,3450
4887,2056
4888,7487
4889,3389
4890,1776
4891,56476
4892,5888
4893,12138
4894,6195
4895,5102
4896,6568
4897,11310
4898,3379
4899,42457
4900,4453
4901,5817
4902,9277
4903,6195
4904,32923
4905,4896
4906,69244
4907,5102
4908,55377
4909,2201
4910,4173
4911,4417
4912,6195
4913,7877
4914,5955
4915,54777
4916,2343
4917,45257
4918,49553
4919,5760
4920,2339
4921,69168
4922,7774
4923,61873
4924,2621
4925,5760
4926,41101
4927,4393
4928,6200
4929,5177
4930,52063
4931,50271
4932,6200
4933,4500
4934,5227
4935,7496
4936,4173
4937,3980
4938,5817
4939,45185
4940,3862
4941,4500
4942,8043
4943,6122
4944,56702
4945,51697
4946,4230
4947,32859
4948,5087
4949,4387
4950,4173
4951,56588
4952,3819
4953,49553
4954,2696
4955,6489
4956,5606
4957,4020
4958,4896
4959,4453
4960,4363
4961,6389
4962,4086
4963,4637
4964,11675
4965,4099
4966,56476
4967,51697
4968,3980
4969,3000
4970,12054
4971,4348
4972,3916
4973,3979
4974,4499
4975,13524
4976,56702
4977,5954
4978,2477
4979,5276
4980,58125
4981,4230
4982,3862
4983,10744
4984,4007
4985,6578
4986,6583
4987,4007
4988,10680
4989,49553
4990,27864
4991,17604
4992,54684
4993,5606
4994,4071
4995,5632
4996,60978
4997,4499
4998,50271
4999,45693
5000,66063
